f,c1,c2
-7.857174184432922370e-01,1.000000000000000000e+00,2.000000000000000000e+00
-6.949748178722482406e-01,1.000000000000000000e+00,2.000000000000000000e+00
-4.428610628943575045e-01,5.000000000000000000e+00,2.000000000000000000e+00
-3.720177670972666384e-01,1.000000000000000000e+00,4.000000000000000000e+00
2.872878844238933582e-01,1.000000000000000000e+00,2.000000000000000000e+00
-3.144441914164742835e-01,5.000000000000000000e+00,2.000000000000000000e+00
-2.553553511522307917e-01,1.000000000000000000e+00,4.000000000000000000e+00
1.630212538940821299e+00,1.000000000000000000e+00,2.000000000000000000e+00
1.120923357739856269e-01,5.000000000000000000e+00,4.000000000000000000e+00
-3.234976427052377312e-01,1.000000000000000000e+00,2.000000000000000000e+00
2.028430002961473466e+00,5.000000000000000000e+00,2.000000000000000000e+00
-1.490831627399715087e+00,1.000000000000000000e+00,4.000000000000000000e+00
2.767646036982510105e-01,1.000000000000000000e+00,4.000000000000000000e+00
-2.057779236169470671e+00,5.000000000000000000e+00,2.000000000000000000e+00
1.422985145148892849e-01,1.000000000000000000e+00,4.000000000000000000e+00
4.681729313743347443e-01,1.000000000000000000e+00,2.000000000000000000e+00
4.212227026620008474e-01,1.000000000000000000e+00,2.000000000000000000e+00
-8.665195755033273661e-01,1.000000000000000000e+00,2.000000000000000000e+00
-1.577109303947295427e+00,1.000000000000000000e+00,4.000000000000000000e+00
3.872634538536991189e-02,5.000000000000000000e+00,2.000000000000000000e+00
1.169648679214624121e+00,1.000000000000000000e+00,2.000000000000000000e+00
8.002316005672671650e-01,1.000000000000000000e+00,4.000000000000000000e+00
-6.070402246022480464e-01,1.000000000000000000e+00,2.000000000000000000e+00
1.422640066971428530e+00,5.000000000000000000e+00,2.000000000000000000e+00
4.371676431340033586e-01,5.000000000000000000e+00,2.000000000000000000e+00
-1.868912825422492374e-01,5.000000000000000000e+00,2.000000000000000000e+00
-1.427151351617706343e+00,1.000000000000000000e+00,4.000000000000000000e+00
-1.629476382110183197e+00,1.000000000000000000e+00,2.000000000000000000e+00
-7.936318800992506195e-02,5.000000000000000000e+00,4.000000000000000000e+00
-2.129463312280383658e+00,5.000000000000000000e+00,4.000000000000000000e+00
1.234096098851516166e+00,5.000000000000000000e+00,4.000000000000000000e+00
1.115223595160630410e-01,1.000000000000000000e+00,2.000000000000000000e+00
4.679818834902414459e-01,1.000000000000000000e+00,4.000000000000000000e+00
-1.586084469762716331e-01,5.000000000000000000e+00,2.000000000000000000e+00
-1.516951653784064380e+00,5.000000000000000000e+00,2.000000000000000000e+00
2.990577935668530807e-01,5.000000000000000000e+00,4.000000000000000000e+00
8.458680289867646085e-01,5.000000000000000000e+00,4.000000000000000000e+00
-1.454909041377606405e-01,5.000000000000000000e+00,2.000000000000000000e+00
8.934211430878215288e-02,1.000000000000000000e+00,2.000000000000000000e+00
9.842167903129722673e-01,1.000000000000000000e+00,2.000000000000000000e+00
-1.307441916780867630e-01,1.000000000000000000e+00,4.000000000000000000e+00
-7.918006697731261312e-01,1.000000000000000000e+00,4.000000000000000000e+00
5.850092890060059059e-01,1.000000000000000000e+00,2.000000000000000000e+00
-9.558599555507377166e-02,1.000000000000000000e+00,4.000000000000000000e+00
-1.676642961391090411e-02,1.000000000000000000e+00,4.000000000000000000e+00
-2.507239746715285378e+00,1.000000000000000000e+00,2.000000000000000000e+00
-1.269075154423203955e+00,5.000000000000000000e+00,2.000000000000000000e+00
-1.078740105861770049e+00,5.000000000000000000e+00,4.000000000000000000e+00
-1.156585704268405235e-01,1.000000000000000000e+00,4.000000000000000000e+00
-3.749284023201465144e-01,1.000000000000000000e+00,4.000000000000000000e+00
2.546962550595378016e-01,5.000000000000000000e+00,2.000000000000000000e+00
7.564450671488817668e-02,1.000000000000000000e+00,4.000000000000000000e+00
-1.569088003331582382e+00,5.000000000000000000e+00,4.000000000000000000e+00
-2.003958356857703293e+00,1.000000000000000000e+00,2.000000000000000000e+00
1.768463787920345615e-02,1.000000000000000000e+00,4.000000000000000000e+00
-1.265703708127517091e+00,1.000000000000000000e+00,2.000000000000000000e+00
-4.921937283383044370e-01,1.000000000000000000e+00,4.000000000000000000e+00
-4.737704085489102823e-01,5.000000000000000000e+00,4.000000000000000000e+00
-1.392841726928437440e+00,1.000000000000000000e+00,4.000000000000000000e+00
-1.932535766518164611e+00,1.000000000000000000e+00,2.000000000000000000e+00
-4.969453906856575176e-01,5.000000000000000000e+00,4.000000000000000000e+00
-2.961974747895563809e-01,1.000000000000000000e+00,4.000000000000000000e+00
-1.370843595689426486e+00,5.000000000000000000e+00,4.000000000000000000e+00
-1.342936955283015266e+00,5.000000000000000000e+00,2.000000000000000000e+00
-1.825856375881242388e-01,1.000000000000000000e+00,2.000000000000000000e+00
-2.588829637153421959e-01,5.000000000000000000e+00,2.000000000000000000e+00
-8.068138061558024487e-01,5.000000000000000000e+00,2.000000000000000000e+00
-1.286881631044747565e-01,5.000000000000000000e+00,2.000000000000000000e+00
-6.555698364876428874e-01,5.000000000000000000e+00,2.000000000000000000e+00
1.427942085387697013e-01,1.000000000000000000e+00,4.000000000000000000e+00
-8.209583630520266295e-01,1.000000000000000000e+00,2.000000000000000000e+00
2.662598213099587330e-01,1.000000000000000000e+00,4.000000000000000000e+00
-1.443448116809258608e-01,1.000000000000000000e+00,2.000000000000000000e+00
-2.258784000701987260e+00,5.000000000000000000e+00,2.000000000000000000e+00
-2.813727581812622280e-01,5.000000000000000000e+00,4.000000000000000000e+00
4.374002383523459270e-02,1.000000000000000000e+00,4.000000000000000000e+00
1.886976577560186996e+00,1.000000000000000000e+00,4.000000000000000000e+00
1.148187455771256582e+00,5.000000000000000000e+00,4.000000000000000000e+00
-4.764514947212566409e-01,5.000000000000000000e+00,4.000000000000000000e+00
-6.401014765696784181e-01,1.000000000000000000e+00,4.000000000000000000e+00
-7.646671845491215258e-01,1.000000000000000000e+00,4.000000000000000000e+00
-9.353379340481443593e-01,1.000000000000000000e+00,4.000000000000000000e+00
1.764547682983050203e+00,5.000000000000000000e+00,2.000000000000000000e+00
1.092695939293971130e-01,1.000000000000000000e+00,4.000000000000000000e+00
-1.899228377992580707e+00,1.000000000000000000e+00,4.000000000000000000e+00
9.694327899828307504e-02,1.000000000000000000e+00,2.000000000000000000e+00
2.192706251111970595e+00,5.000000000000000000e+00,4.000000000000000000e+00
-5.229245793395174147e-01,1.000000000000000000e+00,2.000000000000000000e+00
6.195575715818552737e-02,5.000000000000000000e+00,2.000000000000000000e+00
3.041446466365680182e-02,1.000000000000000000e+00,2.000000000000000000e+00
-7.645138232431302194e-01,1.000000000000000000e+00,2.000000000000000000e+00
6.227017289203817113e-02,1.000000000000000000e+00,2.000000000000000000e+00
1.184870813912486831e+00,1.000000000000000000e+00,4.000000000000000000e+00
6.538917404934826427e-01,1.000000000000000000e+00,2.000000000000000000e+00
4.882098609451021587e-01,5.000000000000000000e+00,4.000000000000000000e+00
-6.037268371746020712e-01,5.000000000000000000e+00,2.000000000000000000e+00
-4.469441428982355302e-01,1.000000000000000000e+00,2.000000000000000000e+00
-1.020236985679228381e+00,5.000000000000000000e+00,2.000000000000000000e+00
3.050101686656421784e-01,1.000000000000000000e+00,4.000000000000000000e+00
-6.040054752095176394e-01,5.000000000000000000e+00,2.000000000000000000e+00
-1.237604800310803776e+00,1.000000000000000000e+00,2.000000000000000000e+00
1.070171638356465005e+00,1.000000000000000000e+00,4.000000000000000000e+00
4.225522130854260094e-01,5.000000000000000000e+00,2.000000000000000000e+00
-2.122966722865055611e-01,1.000000000000000000e+00,2.000000000000000000e+00
1.582994199153738402e+00,5.000000000000000000e+00,4.000000000000000000e+00
9.086413044032121133e-01,1.000000000000000000e+00,4.000000000000000000e+00
-2.943688473134342676e-01,5.000000000000000000e+00,4.000000000000000000e+00
-2.488381489117747758e-01,5.000000000000000000e+00,4.000000000000000000e+00
-1.045991631764475960e+00,5.000000000000000000e+00,2.000000000000000000e+00
5.360911583987396645e-01,1.000000000000000000e+00,2.000000000000000000e+00
-1.392133982972084461e+00,1.000000000000000000e+00,4.000000000000000000e+00
1.961002383532893800e+00,1.000000000000000000e+00,4.000000000000000000e+00
-1.512757071498204708e-01,5.000000000000000000e+00,2.000000000000000000e+00
6.049821874820789924e-01,5.000000000000000000e+00,2.000000000000000000e+00
4.091089575133972089e-01,5.000000000000000000e+00,4.000000000000000000e+00
9.684179009645162983e-01,5.000000000000000000e+00,4.000000000000000000e+00
-5.878403943958154798e-01,1.000000000000000000e+00,4.000000000000000000e+00
-5.281887466826300503e-01,1.000000000000000000e+00,2.000000000000000000e+00
-1.488695999858610612e-02,5.000000000000000000e+00,2.000000000000000000e+00
1.957365246258365943e+00,5.000000000000000000e+00,2.000000000000000000e+00
1.694673943116322412e-01,1.000000000000000000e+00,2.000000000000000000e+00
1.737976743012284553e+00,5.000000000000000000e+00,2.000000000000000000e+00
-1.332650035724822213e-01,1.000000000000000000e+00,2.000000000000000000e+00
3.436518145727424089e-01,1.000000000000000000e+00,4.000000000000000000e+00
7.471862213872716429e-01,1.000000000000000000e+00,2.000000000000000000e+00
-1.153335367736671585e-01,1.000000000000000000e+00,2.000000000000000000e+00
-1.141927609281135236e+00,5.000000000000000000e+00,4.000000000000000000e+00
-1.816631293780763157e+00,5.000000000000000000e+00,4.000000000000000000e+00
4.523957800958022246e-01,5.000000000000000000e+00,4.000000000000000000e+00
1.630028246378254941e+00,1.000000000000000000e+00,2.000000000000000000e+00
1.616451402762085543e+00,5.000000000000000000e+00,4.000000000000000000e+00
6.462415134904022640e-01,1.000000000000000000e+00,2.000000000000000000e+00
-3.478686091834852223e-01,1.000000000000000000e+00,4.000000000000000000e+00
1.306403668273264262e+00,1.000000000000000000e+00,4.000000000000000000e+00
-2.588636193320706935e-01,5.000000000000000000e+00,2.000000000000000000e+00
1.510784379149554102e+00,5.000000000000000000e+00,2.000000000000000000e+00
-1.468866684028132585e+00,1.000000000000000000e+00,2.000000000000000000e+00
-5.717272541100844041e-01,5.000000000000000000e+00,4.000000000000000000e+00
-1.249387683610882815e+00,1.000000000000000000e+00,2.000000000000000000e+00
-1.416478295345003358e-01,5.000000000000000000e+00,4.000000000000000000e+00
1.718466533317421829e+00,5.000000000000000000e+00,2.000000000000000000e+00
-7.682168242215277054e-01,5.000000000000000000e+00,2.000000000000000000e+00
9.689017261372122602e-01,5.000000000000000000e+00,4.000000000000000000e+00
-9.463876150330612080e-03,1.000000000000000000e+00,2.000000000000000000e+00
6.056652090816709855e-01,5.000000000000000000e+00,4.000000000000000000e+00
-7.371496584588401735e-01,5.000000000000000000e+00,2.000000000000000000e+00
4.077891898014793792e-01,5.000000000000000000e+00,2.000000000000000000e+00
-2.049449714768536879e+00,5.000000000000000000e+00,2.000000000000000000e+00
1.772272846220062092e-01,1.000000000000000000e+00,2.000000000000000000e+00
-2.150818436822495294e-01,5.000000000000000000e+00,4.000000000000000000e+00
1.214766313728792069e+00,5.000000000000000000e+00,2.000000000000000000e+00
4.249263261628724586e-01,5.000000000000000000e+00,2.000000000000000000e+00
-6.841009898919701016e-01,5.000000000000000000e+00,4.000000000000000000e+00
1.120027848655345826e-01,1.000000000000000000e+00,2.000000000000000000e+00
-4.953283817231977637e-01,5.000000000000000000e+00,2.000000000000000000e+00
1.328374186390705314e-01,1.000000000000000000e+00,4.000000000000000000e+00
7.710207647775387807e-01,5.000000000000000000e+00,2.000000000000000000e+00
-4.003709892270063131e-01,5.000000000000000000e+00,2.000000000000000000e+00
-7.240388370970223253e-01,5.000000000000000000e+00,4.000000000000000000e+00
-1.329197297979899384e+00,1.000000000000000000e+00,2.000000000000000000e+00
2.067098424004757129e-01,5.000000000000000000e+00,4.000000000000000000e+00
-1.632780115556691891e+00,5.000000000000000000e+00,4.000000000000000000e+00
-6.837561486735861394e-01,5.000000000000000000e+00,2.000000000000000000e+00
-8.547917252720135806e-02,1.000000000000000000e+00,4.000000000000000000e+00
2.542105815352815323e-01,1.000000000000000000e+00,4.000000000000000000e+00
4.635397366550469411e-01,5.000000000000000000e+00,4.000000000000000000e+00
-9.525321604514224161e-01,5.000000000000000000e+00,2.000000000000000000e+00
-1.522757440479396707e-01,1.000000000000000000e+00,2.000000000000000000e+00
-1.074106807583434575e+00,1.000000000000000000e+00,4.000000000000000000e+00
2.774705121333614910e-01,1.000000000000000000e+00,2.000000000000000000e+00
-9.877209537926872063e-01,5.000000000000000000e+00,4.000000000000000000e+00
8.140628752349141628e-01,5.000000000000000000e+00,2.000000000000000000e+00
-9.321808516269246558e-01,5.000000000000000000e+00,2.000000000000000000e+00
4.618821429049432825e-01,5.000000000000000000e+00,4.000000000000000000e+00
-9.009604924671403836e-01,1.000000000000000000e+00,4.000000000000000000e+00
6.141951262512499454e-01,1.000000000000000000e+00,2.000000000000000000e+00
1.019708162011925046e+00,5.000000000000000000e+00,4.000000000000000000e+00
-8.253311674621182856e-03,5.000000000000000000e+00,4.000000000000000000e+00
-2.897315273065762753e+00,5.000000000000000000e+00,2.000000000000000000e+00
-1.594809789340707606e+00,1.000000000000000000e+00,2.000000000000000000e+00
-9.030739961878972988e-01,1.000000000000000000e+00,2.000000000000000000e+00
1.253487976092803491e+00,5.000000000000000000e+00,4.000000000000000000e+00
2.007943618466978108e+00,5.000000000000000000e+00,2.000000000000000000e+00
-3.498327847286730186e-01,5.000000000000000000e+00,4.000000000000000000e+00
2.152917359255237084e+00,5.000000000000000000e+00,4.000000000000000000e+00
1.185153946180875079e-01,5.000000000000000000e+00,4.000000000000000000e+00
2.164625999383416044e+00,1.000000000000000000e+00,2.000000000000000000e+00
3.765731053268083217e-01,5.000000000000000000e+00,2.000000000000000000e+00
1.482721242964423425e+00,5.000000000000000000e+00,4.000000000000000000e+00
-3.759767610046627073e-01,5.000000000000000000e+00,4.000000000000000000e+00
-2.069821498513333968e-01,5.000000000000000000e+00,4.000000000000000000e+00
1.707016262551789010e-01,1.000000000000000000e+00,4.000000000000000000e+00
2.360750606608370994e+00,1.000000000000000000e+00,2.000000000000000000e+00
6.043769560700106014e-02,5.000000000000000000e+00,4.000000000000000000e+00
-9.414958482614104174e-01,5.000000000000000000e+00,2.000000000000000000e+00
-5.899892477247888900e-01,1.000000000000000000e+00,4.000000000000000000e+00
1.267106230511858111e+00,1.000000000000000000e+00,4.000000000000000000e+00
-7.460342280444758334e-01,5.000000000000000000e+00,4.000000000000000000e+00
-2.647933384428948211e-01,1.000000000000000000e+00,2.000000000000000000e+00
-4.052495897487561893e-01,1.000000000000000000e+00,2.000000000000000000e+00
-1.293290757393807278e+00,1.000000000000000000e+00,4.000000000000000000e+00
6.489288152120823439e-01,1.000000000000000000e+00,4.000000000000000000e+00
8.821800050538033400e-01,5.000000000000000000e+00,4.000000000000000000e+00
6.019269172114979360e-01,5.000000000000000000e+00,2.000000000000000000e+00
9.408087192766275697e-01,5.000000000000000000e+00,2.000000000000000000e+00
1.761835588371779338e+00,5.000000000000000000e+00,2.000000000000000000e+00
-2.666725031598471407e-01,5.000000000000000000e+00,2.000000000000000000e+00
-1.221876624082511409e+00,5.000000000000000000e+00,4.000000000000000000e+00
-1.961988508104095752e+00,1.000000000000000000e+00,2.000000000000000000e+00
3.303819687513694925e-01,5.000000000000000000e+00,4.000000000000000000e+00
-1.146641261426086134e+00,5.000000000000000000e+00,4.000000000000000000e+00
-5.517297035397442651e-01,1.000000000000000000e+00,4.000000000000000000e+00
7.979972302436177944e-01,5.000000000000000000e+00,2.000000000000000000e+00
-1.272514737606552870e+00,1.000000000000000000e+00,4.000000000000000000e+00
-6.952933064799334817e-01,1.000000000000000000e+00,2.000000000000000000e+00
7.855775377520035629e-01,5.000000000000000000e+00,2.000000000000000000e+00
2.927714528221537701e-02,5.000000000000000000e+00,4.000000000000000000e+00
8.244795718962172337e-01,5.000000000000000000e+00,4.000000000000000000e+00
-1.234735296324668719e+00,5.000000000000000000e+00,2.000000000000000000e+00
1.483557085600681669e+00,1.000000000000000000e+00,4.000000000000000000e+00
-3.375878676453565319e-01,1.000000000000000000e+00,4.000000000000000000e+00
-4.615826916391290724e-01,5.000000000000000000e+00,2.000000000000000000e+00
-2.132887672595402240e+00,1.000000000000000000e+00,4.000000000000000000e+00
-1.168772629998791057e+00,5.000000000000000000e+00,2.000000000000000000e+00
-3.486030206802193665e-01,5.000000000000000000e+00,2.000000000000000000e+00
2.311109166473691356e+00,1.000000000000000000e+00,4.000000000000000000e+00
-3.838233170870696265e-01,5.000000000000000000e+00,4.000000000000000000e+00
-1.285953917251625001e+00,5.000000000000000000e+00,2.000000000000000000e+00
1.023561079655276096e+00,1.000000000000000000e+00,2.000000000000000000e+00
5.969833504015390480e-01,5.000000000000000000e+00,4.000000000000000000e+00
-2.448046049369579646e-01,5.000000000000000000e+00,4.000000000000000000e+00
-1.282385038942653432e+00,5.000000000000000000e+00,4.000000000000000000e+00
-1.322087617205518900e-02,1.000000000000000000e+00,2.000000000000000000e+00
-1.551077731853882202e+00,1.000000000000000000e+00,4.000000000000000000e+00
1.515034736535117998e+00,5.000000000000000000e+00,4.000000000000000000e+00
1.336635987557186489e+00,1.000000000000000000e+00,4.000000000000000000e+00
-3.344273784273387173e-01,5.000000000000000000e+00,4.000000000000000000e+00
-2.643070997113182163e-01,1.000000000000000000e+00,4.000000000000000000e+00
-7.923075699957834450e-01,5.000000000000000000e+00,4.000000000000000000e+00
-1.049164758872174419e+00,5.000000000000000000e+00,4.000000000000000000e+00
-1.458373514249353131e-01,1.000000000000000000e+00,2.000000000000000000e+00
-8.167532325832889128e-01,5.000000000000000000e+00,4.000000000000000000e+00
3.175868144925779735e-01,5.000000000000000000e+00,2.000000000000000000e+00
3.486663132046127211e-01,5.000000000000000000e+00,4.000000000000000000e+00
-1.232401211899181170e-01,5.000000000000000000e+00,2.000000000000000000e+00
-8.692811913458678985e-01,1.000000000000000000e+00,2.000000000000000000e+00
-9.205073137685876317e-02,1.000000000000000000e+00,4.000000000000000000e+00
-6.678134007909015679e-01,1.000000000000000000e+00,4.000000000000000000e+00
1.651785537910727963e-01,5.000000000000000000e+00,2.000000000000000000e+00
1.851843223029754792e+00,1.000000000000000000e+00,2.000000000000000000e+00
-1.391310009968986350e+00,5.000000000000000000e+00,2.000000000000000000e+00
-4.661822990650536513e-01,1.000000000000000000e+00,2.000000000000000000e+00
8.733551959285458244e-01,1.000000000000000000e+00,4.000000000000000000e+00
-5.142722150512205603e-01,5.000000000000000000e+00,4.000000000000000000e+00
-5.261328905248434662e-01,1.000000000000000000e+00,2.000000000000000000e+00
5.312985660450339487e-02,5.000000000000000000e+00,4.000000000000000000e+00
6.745863385136117996e-02,5.000000000000000000e+00,2.000000000000000000e+00
6.402471460784847634e-01,1.000000000000000000e+00,4.000000000000000000e+00
8.569239000161212871e-01,5.000000000000000000e+00,4.000000000000000000e+00
-2.821437128329422062e-01,1.000000000000000000e+00,2.000000000000000000e+00
6.638564414766211508e-01,5.000000000000000000e+00,2.000000000000000000e+00
-2.659633037310377368e+00,1.000000000000000000e+00,2.000000000000000000e+00
4.887529730943147577e-01,5.000000000000000000e+00,2.000000000000000000e+00
-8.804671255466207935e-02,1.000000000000000000e+00,2.000000000000000000e+00
-5.327220949133184558e-01,1.000000000000000000e+00,4.000000000000000000e+00
6.482243711485606852e-01,5.000000000000000000e+00,2.000000000000000000e+00
2.532603789489502599e-01,5.000000000000000000e+00,4.000000000000000000e+00
-8.295004674324504279e-01,1.000000000000000000e+00,2.000000000000000000e+00
1.376971193148580186e+00,1.000000000000000000e+00,4.000000000000000000e+00
1.224512201263795674e+00,1.000000000000000000e+00,2.000000000000000000e+00
-4.087824942231309544e-01,1.000000000000000000e+00,2.000000000000000000e+00
-1.435056322166464060e+00,5.000000000000000000e+00,2.000000000000000000e+00
-7.591306468318774758e-01,1.000000000000000000e+00,2.000000000000000000e+00
1.620006664167084331e-01,5.000000000000000000e+00,2.000000000000000000e+00
-5.416793931446248767e-01,5.000000000000000000e+00,4.000000000000000000e+00
-6.287789826107175184e-01,1.000000000000000000e+00,2.000000000000000000e+00
-1.450834551848990905e+00,1.000000000000000000e+00,4.000000000000000000e+00
1.317417401759594098e+00,5.000000000000000000e+00,2.000000000000000000e+00
-5.067271978526036724e-01,1.000000000000000000e+00,2.000000000000000000e+00
-6.241425357921460693e-01,5.000000000000000000e+00,2.000000000000000000e+00
1.274866781216940304e+00,5.000000000000000000e+00,2.000000000000000000e+00
3.384194846293746006e-01,5.000000000000000000e+00,4.000000000000000000e+00
-8.916808465921148841e-01,1.000000000000000000e+00,4.000000000000000000e+00
2.717440662523920927e-02,1.000000000000000000e+00,4.000000000000000000e+00
-3.759297408897770976e-01,1.000000000000000000e+00,4.000000000000000000e+00
3.308677914983597090e-01,1.000000000000000000e+00,4.000000000000000000e+00
4.419419082545772426e-01,1.000000000000000000e+00,2.000000000000000000e+00
2.858329263351385707e-01,5.000000000000000000e+00,2.000000000000000000e+00
-1.542924828391508241e+00,5.000000000000000000e+00,2.000000000000000000e+00
8.889633253813941094e-01,1.000000000000000000e+00,4.000000000000000000e+00
-5.490015193378970926e-01,1.000000000000000000e+00,2.000000000000000000e+00
-7.426459779556570107e-01,5.000000000000000000e+00,2.000000000000000000e+00
1.101220534962333630e+00,5.000000000000000000e+00,4.000000000000000000e+00
-1.414475249811219415e+00,1.000000000000000000e+00,4.000000000000000000e+00
-1.642631161032406251e+00,1.000000000000000000e+00,4.000000000000000000e+00
-6.501391005995543759e-01,5.000000000000000000e+00,2.000000000000000000e+00
-7.533207137265734987e-01,5.000000000000000000e+00,4.000000000000000000e+00
-1.164638163969514695e+00,5.000000000000000000e+00,4.000000000000000000e+00
6.059338193742839357e-02,5.000000000000000000e+00,4.000000000000000000e+00
2.299774014272648603e-01,1.000000000000000000e+00,2.000000000000000000e+00
1.769649524611607960e+00,1.000000000000000000e+00,2.000000000000000000e+00
-1.728250467866872420e+00,1.000000000000000000e+00,2.000000000000000000e+00
-5.634437770468063711e-01,5.000000000000000000e+00,2.000000000000000000e+00
6.861332756522646459e-02,1.000000000000000000e+00,4.000000000000000000e+00
-1.811946468504618935e+00,5.000000000000000000e+00,2.000000000000000000e+00
8.022683496027804839e-01,1.000000000000000000e+00,4.000000000000000000e+00
1.602999425331010697e+00,1.000000000000000000e+00,2.000000000000000000e+00
-1.601507917627760458e+00,5.000000000000000000e+00,4.000000000000000000e+00
4.735625721758786599e-01,1.000000000000000000e+00,4.000000000000000000e+00
-8.187006290379126305e-01,1.000000000000000000e+00,4.000000000000000000e+00
2.760252350517223840e-01,5.000000000000000000e+00,2.000000000000000000e+00
1.339243063870635186e+00,1.000000000000000000e+00,2.000000000000000000e+00
3.842872226710403738e-01,1.000000000000000000e+00,2.000000000000000000e+00
1.867924054202572681e-01,1.000000000000000000e+00,2.000000000000000000e+00
-2.219582985908733486e-01,5.000000000000000000e+00,4.000000000000000000e+00
-1.948271793506366201e-01,1.000000000000000000e+00,4.000000000000000000e+00
-8.676552776844281833e-01,5.000000000000000000e+00,2.000000000000000000e+00
-9.205681406068518813e-01,1.000000000000000000e+00,4.000000000000000000e+00
5.372937986603455451e-01,5.000000000000000000e+00,2.000000000000000000e+00
-4.441475227074278553e-01,5.000000000000000000e+00,2.000000000000000000e+00
2.057956499562717756e+00,5.000000000000000000e+00,4.000000000000000000e+00
-1.067930279419841311e+00,5.000000000000000000e+00,2.000000000000000000e+00
-5.597955920017012588e-01,5.000000000000000000e+00,4.000000000000000000e+00
-1.444069516126195440e-01,5.000000000000000000e+00,2.000000000000000000e+00
-3.088015165828883468e+00,1.000000000000000000e+00,2.000000000000000000e+00
1.423555619718406273e+00,5.000000000000000000e+00,4.000000000000000000e+00
1.338308034271369906e-01,1.000000000000000000e+00,2.000000000000000000e+00
5.416546363783815154e-01,5.000000000000000000e+00,4.000000000000000000e+00
-1.250532276532674736e+00,5.000000000000000000e+00,4.000000000000000000e+00
7.013060832051242199e-01,1.000000000000000000e+00,4.000000000000000000e+00
1.338096531092949348e-01,1.000000000000000000e+00,2.000000000000000000e+00
2.856778930451164267e-01,5.000000000000000000e+00,2.000000000000000000e+00
-1.441828703925394972e+00,1.000000000000000000e+00,2.000000000000000000e+00
2.024319185626709316e+00,5.000000000000000000e+00,2.000000000000000000e+00
-2.581933332688712279e-01,1.000000000000000000e+00,4.000000000000000000e+00
1.356681165598353778e-01,5.000000000000000000e+00,4.000000000000000000e+00
-2.111950348518513376e+00,5.000000000000000000e+00,2.000000000000000000e+00
-2.011459175276866240e+00,1.000000000000000000e+00,2.000000000000000000e+00
-3.434740692009106144e-01,1.000000000000000000e+00,4.000000000000000000e+00
-7.812825935420368850e-01,5.000000000000000000e+00,4.000000000000000000e+00
3.247607252830512770e-01,5.000000000000000000e+00,2.000000000000000000e+00
-6.220310386178338202e-01,1.000000000000000000e+00,4.000000000000000000e+00
-3.253654396398544257e-01,5.000000000000000000e+00,2.000000000000000000e+00
1.098592114727781954e+00,5.000000000000000000e+00,2.000000000000000000e+00
9.147414532710371748e-01,5.000000000000000000e+00,2.000000000000000000e+00
-3.321577959541358038e-01,5.000000000000000000e+00,2.000000000000000000e+00
1.358677585315642755e+00,5.000000000000000000e+00,2.000000000000000000e+00
1.899607166005689685e+00,1.000000000000000000e+00,4.000000000000000000e+00
1.498052881964100136e+00,1.000000000000000000e+00,2.000000000000000000e+00
-8.381508663871817255e-01,5.000000000000000000e+00,4.000000000000000000e+00
5.929178172621842741e-02,5.000000000000000000e+00,2.000000000000000000e+00
2.306050751915356134e+00,5.000000000000000000e+00,4.000000000000000000e+00
-9.127812557638634861e-01,1.000000000000000000e+00,2.000000000000000000e+00
-7.574809725811003647e-01,1.000000000000000000e+00,4.000000000000000000e+00
1.624661469419252380e-01,5.000000000000000000e+00,4.000000000000000000e+00
3.290462496404479298e-01,1.000000000000000000e+00,2.000000000000000000e+00
2.564862676054366020e+00,1.000000000000000000e+00,4.000000000000000000e+00
-3.796524858647083445e-01,5.000000000000000000e+00,2.000000000000000000e+00
2.857076682685249502e-01,5.000000000000000000e+00,2.000000000000000000e+00
8.495540905803166121e-01,1.000000000000000000e+00,4.000000000000000000e+00
-6.039213717521563218e-01,1.000000000000000000e+00,4.000000000000000000e+00
1.761016088219075737e+00,5.000000000000000000e+00,2.000000000000000000e+00
1.579453671186470842e+00,1.000000000000000000e+00,4.000000000000000000e+00
-8.072230601711217757e-01,1.000000000000000000e+00,4.000000000000000000e+00
1.922173917031205770e+00,5.000000000000000000e+00,4.000000000000000000e+00
1.922309975813016047e-01,1.000000000000000000e+00,4.000000000000000000e+00
-1.439323014654425859e-01,1.000000000000000000e+00,2.000000000000000000e+00
-1.888725435819967435e+00,5.000000000000000000e+00,4.000000000000000000e+00
-1.990202760676340332e-01,5.000000000000000000e+00,4.000000000000000000e+00
-1.042998921883856733e-01,5.000000000000000000e+00,2.000000000000000000e+00
1.204185694521482386e-01,1.000000000000000000e+00,4.000000000000000000e+00
3.703414376898503946e-01,5.000000000000000000e+00,2.000000000000000000e+00
-1.426655017708589934e+00,5.000000000000000000e+00,2.000000000000000000e+00
-4.573745342161843475e-01,1.000000000000000000e+00,4.000000000000000000e+00
-3.345548139794619624e-01,5.000000000000000000e+00,4.000000000000000000e+00
-3.184761174466224087e-01,5.000000000000000000e+00,4.000000000000000000e+00
-6.507166982442482706e-01,1.000000000000000000e+00,2.000000000000000000e+00
-1.245070586772338173e+00,5.000000000000000000e+00,4.000000000000000000e+00
-3.721060908588666449e-01,5.000000000000000000e+00,2.000000000000000000e+00
-1.321757573467411129e-01,1.000000000000000000e+00,2.000000000000000000e+00
-4.674820887757782234e-02,5.000000000000000000e+00,4.000000000000000000e+00
1.282382292585551919e+00,1.000000000000000000e+00,4.000000000000000000e+00
1.951558964255317496e+00,5.000000000000000000e+00,4.000000000000000000e+00
-1.656276760455077213e+00,5.000000000000000000e+00,2.000000000000000000e+00
-5.220686888744270338e-01,1.000000000000000000e+00,4.000000000000000000e+00
-1.371152962074853709e+00,5.000000000000000000e+00,2.000000000000000000e+00
-3.355184985521846297e-01,5.000000000000000000e+00,4.000000000000000000e+00
3.559318846986090357e-01,5.000000000000000000e+00,4.000000000000000000e+00
-1.354540045119247749e+00,1.000000000000000000e+00,4.000000000000000000e+00
2.408685200412119531e+00,5.000000000000000000e+00,4.000000000000000000e+00
-6.955018659517764323e-01,1.000000000000000000e+00,2.000000000000000000e+00
8.164080254230975386e-01,5.000000000000000000e+00,2.000000000000000000e+00
-4.342550397084756209e-01,5.000000000000000000e+00,4.000000000000000000e+00
5.403153620121750045e-01,5.000000000000000000e+00,2.000000000000000000e+00
2.036878425098371803e+00,5.000000000000000000e+00,4.000000000000000000e+00
-1.749102663832801996e+00,5.000000000000000000e+00,2.000000000000000000e+00
-2.092342019835867983e+00,1.000000000000000000e+00,2.000000000000000000e+00
-4.215056379532150510e-01,1.000000000000000000e+00,4.000000000000000000e+00
1.640968009728969612e+00,5.000000000000000000e+00,4.000000000000000000e+00
5.508493092773479871e-01,5.000000000000000000e+00,2.000000000000000000e+00
3.461773151739230836e-01,1.000000000000000000e+00,2.000000000000000000e+00
-1.515303757951343311e+00,1.000000000000000000e+00,4.000000000000000000e+00
-3.353581100091532763e-01,1.000000000000000000e+00,2.000000000000000000e+00
6.629034327649606650e-01,1.000000000000000000e+00,4.000000000000000000e+00
-1.748119420138344038e-01,5.000000000000000000e+00,2.000000000000000000e+00
2.867573452356301789e-01,1.000000000000000000e+00,2.000000000000000000e+00
-1.192350428034733678e+00,5.000000000000000000e+00,2.000000000000000000e+00
7.253312164382900162e-01,1.000000000000000000e+00,2.000000000000000000e+00
-1.670091950058343766e+00,1.000000000000000000e+00,4.000000000000000000e+00
-1.869302398739311477e-01,5.000000000000000000e+00,4.000000000000000000e+00
1.361330187893847077e+00,1.000000000000000000e+00,2.000000000000000000e+00
-1.641033580892019117e+00,1.000000000000000000e+00,2.000000000000000000e+00
6.617879091272773628e-01,1.000000000000000000e+00,2.000000000000000000e+00
3.347704357895213145e-01,1.000000000000000000e+00,2.000000000000000000e+00
2.783145671143685829e-01,1.000000000000000000e+00,2.000000000000000000e+00
2.811788621540508570e-01,1.000000000000000000e+00,2.000000000000000000e+00
5.991169560268680971e-01,1.000000000000000000e+00,2.000000000000000000e+00
4.457700281518772178e-01,5.000000000000000000e+00,4.000000000000000000e+00
-1.306469851107189273e+00,5.000000000000000000e+00,2.000000000000000000e+00
-2.520052453328178177e-01,1.000000000000000000e+00,2.000000000000000000e+00
-5.001666605794268250e-01,5.000000000000000000e+00,4.000000000000000000e+00
-4.953177316174446343e-01,1.000000000000000000e+00,4.000000000000000000e+00
8.908372833301018145e-01,1.000000000000000000e+00,2.000000000000000000e+00
-2.475354164112009980e-01,1.000000000000000000e+00,2.000000000000000000e+00
-4.282016005484305388e-01,1.000000000000000000e+00,4.000000000000000000e+00
-2.795122422055816847e-01,5.000000000000000000e+00,2.000000000000000000e+00
-7.027652841709743914e-01,5.000000000000000000e+00,4.000000000000000000e+00
-7.970309801925965498e-01,1.000000000000000000e+00,2.000000000000000000e+00
-1.727285192943409209e+00,5.000000000000000000e+00,4.000000000000000000e+00
-1.377512415124616529e+00,1.000000000000000000e+00,4.000000000000000000e+00
-8.951002950986527429e-01,1.000000000000000000e+00,2.000000000000000000e+00
1.897703116937833112e+00,1.000000000000000000e+00,2.000000000000000000e+00
-8.039042243770321283e-01,5.000000000000000000e+00,2.000000000000000000e+00
9.924076826224920156e-01,5.000000000000000000e+00,2.000000000000000000e+00
7.183134465269155333e-01,1.000000000000000000e+00,2.000000000000000000e+00
-7.075089308261051091e-01,1.000000000000000000e+00,4.000000000000000000e+00
-1.491086831078716424e+00,5.000000000000000000e+00,2.000000000000000000e+00
-4.046683199794104402e-01,1.000000000000000000e+00,4.000000000000000000e+00
7.944103592947326931e-01,1.000000000000000000e+00,4.000000000000000000e+00
-2.191404944769379082e+00,1.000000000000000000e+00,4.000000000000000000e+00
-4.756694136140633966e-01,1.000000000000000000e+00,2.000000000000000000e+00
-2.215568834124411524e+00,5.000000000000000000e+00,4.000000000000000000e+00
-9.394574599545709725e-01,1.000000000000000000e+00,2.000000000000000000e+00
-5.050797612696698857e-02,5.000000000000000000e+00,4.000000000000000000e+00
-6.628663350532844056e-01,5.000000000000000000e+00,4.000000000000000000e+00
-2.102399155981858614e-01,5.000000000000000000e+00,2.000000000000000000e+00
-1.721074768020365964e+00,1.000000000000000000e+00,4.000000000000000000e+00
3.165754134178964119e-01,1.000000000000000000e+00,2.000000000000000000e+00
1.404198312192116438e+00,1.000000000000000000e+00,4.000000000000000000e+00
-9.381947341682528307e-01,1.000000000000000000e+00,2.000000000000000000e+00
-3.882014660413897200e-01,1.000000000000000000e+00,4.000000000000000000e+00
-5.925779172955458751e-01,5.000000000000000000e+00,4.000000000000000000e+00
-1.042569417216350658e+00,1.000000000000000000e+00,2.000000000000000000e+00
-1.931491422855343698e-01,5.000000000000000000e+00,2.000000000000000000e+00
1.209421597152442684e+00,1.000000000000000000e+00,2.000000000000000000e+00
-3.467654005565326547e-01,1.000000000000000000e+00,2.000000000000000000e+00
3.036264589802277758e-01,5.000000000000000000e+00,4.000000000000000000e+00
4.515032086254471833e-01,5.000000000000000000e+00,4.000000000000000000e+00
-2.877628353971916075e-01,1.000000000000000000e+00,2.000000000000000000e+00
6.405159106256510526e-01,5.000000000000000000e+00,4.000000000000000000e+00
-5.680882983039936551e-01,1.000000000000000000e+00,4.000000000000000000e+00
-1.676438737577890414e+00,5.000000000000000000e+00,4.000000000000000000e+00
-9.197881914571496287e-01,1.000000000000000000e+00,2.000000000000000000e+00
1.170472472347260595e+00,5.000000000000000000e+00,4.000000000000000000e+00
8.163843898382952546e-02,5.000000000000000000e+00,2.000000000000000000e+00
-1.175965389874410238e+00,1.000000000000000000e+00,4.000000000000000000e+00
3.509009639110919343e-01,1.000000000000000000e+00,2.000000000000000000e+00
-4.595152794475650393e-01,5.000000000000000000e+00,4.000000000000000000e+00
7.840722630498602186e-01,1.000000000000000000e+00,2.000000000000000000e+00
9.655001291334804892e-01,5.000000000000000000e+00,2.000000000000000000e+00
5.749151075535788857e-01,5.000000000000000000e+00,4.000000000000000000e+00
-9.586934028772149397e-01,5.000000000000000000e+00,4.000000000000000000e+00
1.482768937612521709e+00,1.000000000000000000e+00,2.000000000000000000e+00
-3.331220961442655781e-01,5.000000000000000000e+00,2.000000000000000000e+00
-1.703632814703952780e+00,1.000000000000000000e+00,2.000000000000000000e+00
-1.581075777618482059e+00,1.000000000000000000e+00,4.000000000000000000e+00
5.748913487872209238e-01,5.000000000000000000e+00,4.000000000000000000e+00
-1.608452710604825753e-01,1.000000000000000000e+00,4.000000000000000000e+00
7.577605032495603188e-02,1.000000000000000000e+00,4.000000000000000000e+00
3.163707347826612282e-02,5.000000000000000000e+00,4.000000000000000000e+00
9.455483837569605976e-01,5.000000000000000000e+00,2.000000000000000000e+00
1.392347110859928350e+00,1.000000000000000000e+00,2.000000000000000000e+00
-4.467284018001729806e-02,1.000000000000000000e+00,4.000000000000000000e+00
-1.477311126293931132e+00,1.000000000000000000e+00,4.000000000000000000e+00
-8.885711819107149356e-01,1.000000000000000000e+00,2.000000000000000000e+00
-4.534161882475676864e-01,1.000000000000000000e+00,2.000000000000000000e+00
1.051097028400715283e+00,5.000000000000000000e+00,2.000000000000000000e+00
1.362813596245361802e+00,1.000000000000000000e+00,2.000000000000000000e+00
-4.039046224873955176e-02,1.000000000000000000e+00,2.000000000000000000e+00
-7.458770815965006795e-01,5.000000000000000000e+00,2.000000000000000000e+00
-1.443254737109509245e+00,1.000000000000000000e+00,4.000000000000000000e+00
4.774581751263790030e-01,5.000000000000000000e+00,2.000000000000000000e+00
-1.656820641898819169e+00,1.000000000000000000e+00,4.000000000000000000e+00
-9.321746051339636907e-02,1.000000000000000000e+00,4.000000000000000000e+00
1.121194091774357915e+00,5.000000000000000000e+00,2.000000000000000000e+00
-9.300822921347509098e-01,5.000000000000000000e+00,2.000000000000000000e+00
-1.632247014440077582e+00,5.000000000000000000e+00,2.000000000000000000e+00
-1.101515875082919260e+00,1.000000000000000000e+00,2.000000000000000000e+00
-1.212012023794451832e+00,5.000000000000000000e+00,2.000000000000000000e+00
-6.346929625733416236e-01,1.000000000000000000e+00,2.000000000000000000e+00
-9.434467144051243703e-02,5.000000000000000000e+00,2.000000000000000000e+00
2.056406765455159658e+00,5.000000000000000000e+00,2.000000000000000000e+00
-2.125370113470859482e-02,5.000000000000000000e+00,2.000000000000000000e+00
-3.776229660930900400e-01,1.000000000000000000e+00,2.000000000000000000e+00
4.237354585070604029e-01,1.000000000000000000e+00,2.000000000000000000e+00
-2.849718382070911410e-02,5.000000000000000000e+00,2.000000000000000000e+00
-3.447388937875245363e-01,5.000000000000000000e+00,4.000000000000000000e+00
-1.142966205167347121e-02,1.000000000000000000e+00,4.000000000000000000e+00
4.702641556630977604e-01,1.000000000000000000e+00,4.000000000000000000e+00
-5.395583304214571774e-01,5.000000000000000000e+00,4.000000000000000000e+00
-1.031481967130787769e+00,5.000000000000000000e+00,2.000000000000000000e+00
9.318460678220995275e-02,5.000000000000000000e+00,4.000000000000000000e+00
-8.534342919076423062e-01,5.000000000000000000e+00,2.000000000000000000e+00
1.577939429656084469e-01,5.000000000000000000e+00,2.000000000000000000e+00
3.450743579942985861e-02,5.000000000000000000e+00,4.000000000000000000e+00
2.720879580718394419e-01,5.000000000000000000e+00,4.000000000000000000e+00
2.806402783521704802e-01,5.000000000000000000e+00,4.000000000000000000e+00
-3.256853921639889515e-01,5.000000000000000000e+00,2.000000000000000000e+00
4.698126330571339992e-01,5.000000000000000000e+00,2.000000000000000000e+00
-1.713535041364558698e+00,1.000000000000000000e+00,4.000000000000000000e+00
-9.207210385050973445e-02,1.000000000000000000e+00,4.000000000000000000e+00
-3.371532794396614463e-01,1.000000000000000000e+00,2.000000000000000000e+00
1.422654870977140718e+00,5.000000000000000000e+00,4.000000000000000000e+00
1.572430347186639168e-02,1.000000000000000000e+00,4.000000000000000000e+00
-2.798852834524133137e-01,1.000000000000000000e+00,4.000000000000000000e+00
-1.352198511131248226e+00,5.000000000000000000e+00,2.000000000000000000e+00
-1.551990688746048841e-01,1.000000000000000000e+00,2.000000000000000000e+00
6.767117553944973496e-01,5.000000000000000000e+00,4.000000000000000000e+00
-7.329391897084729379e-01,1.000000000000000000e+00,4.000000000000000000e+00
-6.405173631721648997e-01,5.000000000000000000e+00,2.000000000000000000e+00
-2.615597108143937088e+00,1.000000000000000000e+00,4.000000000000000000e+00
-1.034876782093433700e+00,1.000000000000000000e+00,4.000000000000000000e+00
8.773763606982868390e-01,1.000000000000000000e+00,2.000000000000000000e+00
-1.135373584434087757e+00,5.000000000000000000e+00,2.000000000000000000e+00
-8.277559796942818293e-01,5.000000000000000000e+00,2.000000000000000000e+00
1.061867400417062957e+00,1.000000000000000000e+00,2.000000000000000000e+00
2.027393528603292250e+00,1.000000000000000000e+00,2.000000000000000000e+00
-2.446856616390866268e+00,1.000000000000000000e+00,2.000000000000000000e+00
4.147517198424917617e-01,1.000000000000000000e+00,4.000000000000000000e+00
5.323624747753468167e-01,5.000000000000000000e+00,2.000000000000000000e+00
5.159508907121823640e-01,5.000000000000000000e+00,4.000000000000000000e+00
6.839156784429841762e-01,1.000000000000000000e+00,2.000000000000000000e+00
3.082761754470007554e-01,5.000000000000000000e+00,2.000000000000000000e+00
-2.205775841017027991e-02,1.000000000000000000e+00,4.000000000000000000e+00
1.669869424232562238e+00,5.000000000000000000e+00,4.000000000000000000e+00
-4.128737947208388492e-01,5.000000000000000000e+00,2.000000000000000000e+00
-7.573751959279543255e-01,5.000000000000000000e+00,2.000000000000000000e+00
-2.344034403307002634e+00,1.000000000000000000e+00,2.000000000000000000e+00
-1.065300860517060799e-01,1.000000000000000000e+00,4.000000000000000000e+00
-6.196719534911443450e-01,5.000000000000000000e+00,2.000000000000000000e+00
1.871411773540742618e-01,1.000000000000000000e+00,4.000000000000000000e+00
-1.685061883545140027e-01,1.000000000000000000e+00,4.000000000000000000e+00
-3.585882848038778326e-01,5.000000000000000000e+00,4.000000000000000000e+00
7.704906424474132765e-01,1.000000000000000000e+00,2.000000000000000000e+00
-1.073078069370129395e+00,1.000000000000000000e+00,2.000000000000000000e+00
1.311070124499621736e-01,5.000000000000000000e+00,2.000000000000000000e+00
1.337985134346421523e+00,1.000000000000000000e+00,4.000000000000000000e+00
7.785120713865169018e-01,1.000000000000000000e+00,2.000000000000000000e+00
5.590612009177485520e-02,5.000000000000000000e+00,4.000000000000000000e+00
1.465454869168239006e-02,5.000000000000000000e+00,2.000000000000000000e+00
4.108535836486494619e-02,5.000000000000000000e+00,4.000000000000000000e+00
1.937808105704795503e-01,1.000000000000000000e+00,2.000000000000000000e+00
-1.171680655928869053e+00,1.000000000000000000e+00,4.000000000000000000e+00
-5.923344994968582355e-01,5.000000000000000000e+00,2.000000000000000000e+00
8.394313431420663552e-01,1.000000000000000000e+00,4.000000000000000000e+00
-8.958633375952727018e-01,1.000000000000000000e+00,2.000000000000000000e+00
1.961973755602586467e+00,1.000000000000000000e+00,4.000000000000000000e+00
-2.018998798540121875e+00,1.000000000000000000e+00,4.000000000000000000e+00
5.990475469111108398e-01,1.000000000000000000e+00,4.000000000000000000e+00
8.623799146608799315e-01,5.000000000000000000e+00,4.000000000000000000e+00
-1.211761216783355355e+00,5.000000000000000000e+00,2.000000000000000000e+00
2.173316913243590331e+00,5.000000000000000000e+00,2.000000000000000000e+00
2.016281665422920089e+00,5.000000000000000000e+00,2.000000000000000000e+00
-5.521331856740686606e-01,5.000000000000000000e+00,2.000000000000000000e+00
-1.143286212222274223e+00,1.000000000000000000e+00,2.000000000000000000e+00
1.111672865722494574e+00,1.000000000000000000e+00,2.000000000000000000e+00
-1.421979211153179934e+00,1.000000000000000000e+00,2.000000000000000000e+00
-7.791999965364417857e-01,1.000000000000000000e+00,4.000000000000000000e+00
7.042025379438114907e-01,1.000000000000000000e+00,4.000000000000000000e+00
-9.612371525898812941e-01,1.000000000000000000e+00,4.000000000000000000e+00
2.227742474102836212e-01,1.000000000000000000e+00,4.000000000000000000e+00
5.669991419197746296e-01,1.000000000000000000e+00,4.000000000000000000e+00
9.045018305619835219e-01,1.000000000000000000e+00,2.000000000000000000e+00
-3.077568717486447447e-01,1.000000000000000000e+00,2.000000000000000000e+00
-3.220584402066210550e-01,1.000000000000000000e+00,2.000000000000000000e+00
1.088904975842134748e+00,5.000000000000000000e+00,4.000000000000000000e+00
1.633357984512503247e+00,1.000000000000000000e+00,4.000000000000000000e+00
1.676284215676544509e+00,5.000000000000000000e+00,4.000000000000000000e+00
-2.571083072096673194e-01,1.000000000000000000e+00,2.000000000000000000e+00
-1.143919641167704615e+00,1.000000000000000000e+00,2.000000000000000000e+00
-2.504542002922513499e-01,5.000000000000000000e+00,2.000000000000000000e+00
9.970279738825341687e-01,5.000000000000000000e+00,2.000000000000000000e+00
1.148358023325544597e+00,1.000000000000000000e+00,2.000000000000000000e+00
8.064878447610288603e-01,1.000000000000000000e+00,2.000000000000000000e+00
7.705985137957244158e-01,1.000000000000000000e+00,2.000000000000000000e+00
9.012602844949564318e-01,1.000000000000000000e+00,2.000000000000000000e+00
3.614309726721399718e-01,5.000000000000000000e+00,2.000000000000000000e+00
-7.767723025167967421e-01,5.000000000000000000e+00,4.000000000000000000e+00
-2.266230111951065052e+00,5.000000000000000000e+00,4.000000000000000000e+00
-5.650855001225849605e-01,5.000000000000000000e+00,4.000000000000000000e+00
-4.567504910673601537e-01,1.000000000000000000e+00,2.000000000000000000e+00
-3.049669629602955179e-01,5.000000000000000000e+00,2.000000000000000000e+00
-6.491987564565806501e-01,5.000000000000000000e+00,2.000000000000000000e+00
1.041396561853823233e+00,1.000000000000000000e+00,4.000000000000000000e+00
1.936572695057916293e+00,1.000000000000000000e+00,4.000000000000000000e+00
-4.253672475855919122e-01,5.000000000000000000e+00,2.000000000000000000e+00
-1.416810954323554084e-01,1.000000000000000000e+00,2.000000000000000000e+00
4.205626286821220194e-01,5.000000000000000000e+00,4.000000000000000000e+00
-1.187557975653185105e+00,1.000000000000000000e+00,4.000000000000000000e+00
-1.334953452583801159e+00,5.000000000000000000e+00,4.000000000000000000e+00
2.428513648199710051e+00,1.000000000000000000e+00,4.000000000000000000e+00
1.638597353328044570e-02,1.000000000000000000e+00,2.000000000000000000e+00
-1.040164478645070112e+00,5.000000000000000000e+00,4.000000000000000000e+00
1.831284983537071476e+00,1.000000000000000000e+00,2.000000000000000000e+00
-5.411705062426819257e-01,1.000000000000000000e+00,4.000000000000000000e+00
9.941807095830240693e-01,5.000000000000000000e+00,2.000000000000000000e+00
-2.720643943219759886e-01,5.000000000000000000e+00,4.000000000000000000e+00
5.599173659629612665e-01,5.000000000000000000e+00,2.000000000000000000e+00
6.420461355030667727e-01,1.000000000000000000e+00,4.000000000000000000e+00
-9.683560934996304770e-02,1.000000000000000000e+00,4.000000000000000000e+00
-9.206111020097332842e-01,5.000000000000000000e+00,2.000000000000000000e+00
1.461196768540409030e+00,5.000000000000000000e+00,4.000000000000000000e+00
1.100875506490669009e+00,5.000000000000000000e+00,2.000000000000000000e+00
-1.577277018258947949e+00,5.000000000000000000e+00,2.000000000000000000e+00
-5.797822190956121446e-02,5.000000000000000000e+00,4.000000000000000000e+00
-8.613387989737735471e-04,1.000000000000000000e+00,2.000000000000000000e+00
1.156102418790214026e+00,1.000000000000000000e+00,2.000000000000000000e+00
-4.851785131663343131e-01,1.000000000000000000e+00,2.000000000000000000e+00
8.041109201273249907e-01,5.000000000000000000e+00,2.000000000000000000e+00
-8.068959117346072851e-01,1.000000000000000000e+00,4.000000000000000000e+00
-1.126376992693164159e+00,1.000000000000000000e+00,2.000000000000000000e+00
-5.612818462990133428e-01,1.000000000000000000e+00,2.000000000000000000e+00
-2.394959930588849151e-01,5.000000000000000000e+00,4.000000000000000000e+00
-3.765262666697916094e-01,1.000000000000000000e+00,2.000000000000000000e+00
-1.929655126317435299e+00,1.000000000000000000e+00,2.000000000000000000e+00
1.597791943471608356e+00,5.000000000000000000e+00,4.000000000000000000e+00
-5.117508793831513358e-01,5.000000000000000000e+00,4.000000000000000000e+00
6.020227846998000842e-01,1.000000000000000000e+00,4.000000000000000000e+00
2.839472169250109590e-01,1.000000000000000000e+00,2.000000000000000000e+00
-5.017791287218386076e-01,1.000000000000000000e+00,4.000000000000000000e+00
-1.594075942435655646e+00,1.000000000000000000e+00,4.000000000000000000e+00
1.119679322233612107e+00,5.000000000000000000e+00,4.000000000000000000e+00
3.549319679135678474e-01,1.000000000000000000e+00,2.000000000000000000e+00
-1.325561856751431122e+00,1.000000000000000000e+00,2.000000000000000000e+00
3.034988717100469691e-01,5.000000000000000000e+00,4.000000000000000000e+00
1.253111362029956100e-01,5.000000000000000000e+00,2.000000000000000000e+00
-9.916547667961178592e-01,1.000000000000000000e+00,4.000000000000000000e+00
6.826294683121636453e-01,1.000000000000000000e+00,2.000000000000000000e+00
2.073152635972529967e-01,5.000000000000000000e+00,4.000000000000000000e+00
-9.037602273190493696e-01,1.000000000000000000e+00,4.000000000000000000e+00
-7.287348401270071774e-01,1.000000000000000000e+00,2.000000000000000000e+00
2.543758327760007543e+00,5.000000000000000000e+00,4.000000000000000000e+00
-1.195064532572852195e-01,5.000000000000000000e+00,4.000000000000000000e+00
1.315436421312660586e+00,5.000000000000000000e+00,2.000000000000000000e+00
-3.276051202400811491e-01,5.000000000000000000e+00,2.000000000000000000e+00
9.622813502141678299e-01,5.000000000000000000e+00,2.000000000000000000e+00
3.840138318562074521e-02,5.000000000000000000e+00,4.000000000000000000e+00
2.967505916388942233e-01,5.000000000000000000e+00,2.000000000000000000e+00
6.148962398292519005e-01,5.000000000000000000e+00,4.000000000000000000e+00
-4.240223541298981380e-01,5.000000000000000000e+00,4.000000000000000000e+00
-3.023417162666032776e-01,1.000000000000000000e+00,2.000000000000000000e+00
1.251803565022278734e-02,1.000000000000000000e+00,2.000000000000000000e+00
4.261944315122822569e-01,5.000000000000000000e+00,2.000000000000000000e+00
-6.914292851939317641e-01,5.000000000000000000e+00,4.000000000000000000e+00
-1.089382043761571772e+00,5.000000000000000000e+00,4.000000000000000000e+00
-6.375551052674136576e-01,1.000000000000000000e+00,4.000000000000000000e+00
1.694816279342779008e+00,5.000000000000000000e+00,2.000000000000000000e+00
-1.426689079465988108e-01,5.000000000000000000e+00,4.000000000000000000e+00
-1.279127106189955843e+00,1.000000000000000000e+00,4.000000000000000000e+00
-7.580823145903549110e-01,5.000000000000000000e+00,2.000000000000000000e+00
8.902768924368207326e-01,1.000000000000000000e+00,2.000000000000000000e+00
-2.196192337838111186e+00,5.000000000000000000e+00,2.000000000000000000e+00
-1.092043293634423096e+00,5.000000000000000000e+00,4.000000000000000000e+00
3.231392344449383613e-01,1.000000000000000000e+00,4.000000000000000000e+00
1.909504550874899564e+00,5.000000000000000000e+00,2.000000000000000000e+00
1.799795277602742882e-01,1.000000000000000000e+00,2.000000000000000000e+00
1.462222671095653626e+00,1.000000000000000000e+00,4.000000000000000000e+00
-3.244180669128063910e-01,1.000000000000000000e+00,4.000000000000000000e+00
7.423600141749080450e-01,1.000000000000000000e+00,4.000000000000000000e+00
-1.111763663294913940e+00,5.000000000000000000e+00,2.000000000000000000e+00
2.491576267081211937e-01,1.000000000000000000e+00,2.000000000000000000e+00
-2.006026750751193077e+00,1.000000000000000000e+00,2.000000000000000000e+00
8.174999113774511494e-02,1.000000000000000000e+00,4.000000000000000000e+00
1.787863644692100629e-01,1.000000000000000000e+00,4.000000000000000000e+00
-7.715241037394618417e-02,1.000000000000000000e+00,4.000000000000000000e+00
7.027804550493690905e-02,5.000000000000000000e+00,2.000000000000000000e+00
1.685692521873498328e-01,5.000000000000000000e+00,4.000000000000000000e+00
-5.457666175007138687e-01,5.000000000000000000e+00,2.000000000000000000e+00
5.754695076753818528e-01,1.000000000000000000e+00,2.000000000000000000e+00
1.730594362408481635e+00,5.000000000000000000e+00,2.000000000000000000e+00
1.029402639821585197e+00,5.000000000000000000e+00,4.000000000000000000e+00
-1.227099887140130768e-01,1.000000000000000000e+00,4.000000000000000000e+00
4.716645230430945301e-01,5.000000000000000000e+00,4.000000000000000000e+00
-1.002682969567855742e-01,1.000000000000000000e+00,4.000000000000000000e+00
1.695146920431468973e-01,1.000000000000000000e+00,4.000000000000000000e+00
-7.757724253186123464e-01,1.000000000000000000e+00,2.000000000000000000e+00
-1.205375747885695237e+00,1.000000000000000000e+00,2.000000000000000000e+00
1.352533369429658849e+00,5.000000000000000000e+00,4.000000000000000000e+00
1.514138243582464183e+00,1.000000000000000000e+00,4.000000000000000000e+00
-8.506241256798863226e-01,1.000000000000000000e+00,4.000000000000000000e+00
-3.401855344980783680e-01,1.000000000000000000e+00,4.000000000000000000e+00
-1.780424334946858478e-01,1.000000000000000000e+00,4.000000000000000000e+00
2.069993111121727125e+00,1.000000000000000000e+00,2.000000000000000000e+00
-6.069630176691600543e-01,1.000000000000000000e+00,2.000000000000000000e+00
-6.732039624619859941e-01,1.000000000000000000e+00,4.000000000000000000e+00
-2.231998974724588303e-01,1.000000000000000000e+00,2.000000000000000000e+00
3.829917099079417908e-01,1.000000000000000000e+00,2.000000000000000000e+00
-1.861707485244317173e+00,1.000000000000000000e+00,2.000000000000000000e+00
-1.360944895734283788e+00,5.000000000000000000e+00,4.000000000000000000e+00
-2.177599046358274226e-01,1.000000000000000000e+00,4.000000000000000000e+00
-6.003113960757546774e-01,1.000000000000000000e+00,2.000000000000000000e+00
-6.242664034025309228e-01,5.000000000000000000e+00,4.000000000000000000e+00
-6.163510889508724278e-01,5.000000000000000000e+00,2.000000000000000000e+00
3.902664955675599345e-01,1.000000000000000000e+00,2.000000000000000000e+00
2.225786056212319119e-01,5.000000000000000000e+00,4.000000000000000000e+00
1.248976585630126257e+00,5.000000000000000000e+00,2.000000000000000000e+00
2.693483578655572752e-01,5.000000000000000000e+00,2.000000000000000000e+00
-1.132984118514835048e+00,5.000000000000000000e+00,2.000000000000000000e+00
3.286755681504379134e-01,5.000000000000000000e+00,2.000000000000000000e+00
-7.153580943807783532e-01,5.000000000000000000e+00,4.000000000000000000e+00
-1.044764531379835937e+00,5.000000000000000000e+00,2.000000000000000000e+00
-1.127801304142105554e+00,5.000000000000000000e+00,2.000000000000000000e+00
-6.943831103883990608e-02,5.000000000000000000e+00,2.000000000000000000e+00
1.630753303637570317e+00,5.000000000000000000e+00,4.000000000000000000e+00
-9.295045317726442491e-01,1.000000000000000000e+00,2.000000000000000000e+00
6.720978297298045856e-01,1.000000000000000000e+00,2.000000000000000000e+00
1.003263897687495798e-01,1.000000000000000000e+00,2.000000000000000000e+00
2.554920057009239520e-01,1.000000000000000000e+00,4.000000000000000000e+00
-6.345016800743653596e-01,5.000000000000000000e+00,4.000000000000000000e+00
-5.634035976372067100e-01,1.000000000000000000e+00,2.000000000000000000e+00
1.065381554127250219e+00,1.000000000000000000e+00,2.000000000000000000e+00
-1.207107829597097760e-02,5.000000000000000000e+00,4.000000000000000000e+00
-5.662585486701368076e-01,1.000000000000000000e+00,4.000000000000000000e+00
2.581188682947915813e-01,5.000000000000000000e+00,2.000000000000000000e+00
-7.617505905361772189e-01,5.000000000000000000e+00,4.000000000000000000e+00
1.340442691333860514e+00,1.000000000000000000e+00,2.000000000000000000e+00
-6.454641573284265466e-01,1.000000000000000000e+00,2.000000000000000000e+00
4.288617390997706558e-02,1.000000000000000000e+00,4.000000000000000000e+00
-4.941366784154845732e-02,1.000000000000000000e+00,4.000000000000000000e+00
-5.235916578096241336e-01,5.000000000000000000e+00,2.000000000000000000e+00
3.598974397350916954e-01,5.000000000000000000e+00,2.000000000000000000e+00
-7.039727253480965175e-01,1.000000000000000000e+00,4.000000000000000000e+00
1.445287240847019927e-01,5.000000000000000000e+00,2.000000000000000000e+00
1.247701982754563677e+00,1.000000000000000000e+00,2.000000000000000000e+00
-2.460714085387576411e+00,1.000000000000000000e+00,2.000000000000000000e+00
-1.534613614114208380e+00,5.000000000000000000e+00,4.000000000000000000e+00
8.130047899800477706e-01,5.000000000000000000e+00,4.000000000000000000e+00
-3.249442385773260722e-01,1.000000000000000000e+00,2.000000000000000000e+00
2.090679880094628296e-01,1.000000000000000000e+00,4.000000000000000000e+00
-8.986214239388723435e-01,5.000000000000000000e+00,2.000000000000000000e+00
-1.218303276068457563e+00,5.000000000000000000e+00,4.000000000000000000e+00
7.199370648202906287e-01,5.000000000000000000e+00,2.000000000000000000e+00
-1.767469092202390568e-01,1.000000000000000000e+00,4.000000000000000000e+00
-6.054192101271469451e-01,1.000000000000000000e+00,4.000000000000000000e+00
4.607895038299379964e-01,1.000000000000000000e+00,2.000000000000000000e+00
1.886904325789419801e+00,5.000000000000000000e+00,2.000000000000000000e+00
6.178918824392561765e-02,5.000000000000000000e+00,2.000000000000000000e+00
-1.236643624130383395e-01,5.000000000000000000e+00,4.000000000000000000e+00
-3.635996152090174571e-01,1.000000000000000000e+00,2.000000000000000000e+00
1.073339380655208952e+00,5.000000000000000000e+00,2.000000000000000000e+00
-1.624329860285699256e+00,1.000000000000000000e+00,2.000000000000000000e+00
-8.295931411323202997e-01,1.000000000000000000e+00,4.000000000000000000e+00
-7.639006746339364051e-01,1.000000000000000000e+00,4.000000000000000000e+00
-1.376915856154664608e+00,5.000000000000000000e+00,4.000000000000000000e+00
1.982191737317661687e-03,1.000000000000000000e+00,4.000000000000000000e+00
2.538666432977482734e-01,5.000000000000000000e+00,4.000000000000000000e+00
-1.182732637616820126e+00,1.000000000000000000e+00,4.000000000000000000e+00
9.276637259338222918e-01,1.000000000000000000e+00,2.000000000000000000e+00
6.069633706303305676e-01,1.000000000000000000e+00,2.000000000000000000e+00
1.528156563477051366e-01,5.000000000000000000e+00,2.000000000000000000e+00
7.869640780972303462e-01,1.000000000000000000e+00,4.000000000000000000e+00
-4.951253595711371247e-01,1.000000000000000000e+00,2.000000000000000000e+00
-4.385578227425379061e-01,5.000000000000000000e+00,2.000000000000000000e+00
-4.149576218793298715e-02,5.000000000000000000e+00,2.000000000000000000e+00
1.960313390541346401e-01,1.000000000000000000e+00,4.000000000000000000e+00
9.646449075957148622e-01,5.000000000000000000e+00,4.000000000000000000e+00
-1.174820979895268014e+00,5.000000000000000000e+00,4.000000000000000000e+00
3.548444253125310893e-02,5.000000000000000000e+00,4.000000000000000000e+00
-2.120115433617738354e+00,1.000000000000000000e+00,2.000000000000000000e+00
3.915607720503276878e-01,1.000000000000000000e+00,4.000000000000000000e+00
5.899514748285078491e-01,1.000000000000000000e+00,2.000000000000000000e+00
1.478023759406386528e+00,1.000000000000000000e+00,4.000000000000000000e+00
1.486905542728311769e+00,5.000000000000000000e+00,2.000000000000000000e+00
-4.021621999230967082e-01,5.000000000000000000e+00,4.000000000000000000e+00
6.276471789163459158e-01,1.000000000000000000e+00,2.000000000000000000e+00
4.851671177636638910e-01,5.000000000000000000e+00,4.000000000000000000e+00
-1.312231737141015819e-01,1.000000000000000000e+00,4.000000000000000000e+00
-4.696238521042395836e-02,5.000000000000000000e+00,2.000000000000000000e+00
4.189378494593433144e-01,1.000000000000000000e+00,4.000000000000000000e+00
7.311773529689629125e-01,1.000000000000000000e+00,2.000000000000000000e+00
-9.703866341844511467e-01,5.000000000000000000e+00,4.000000000000000000e+00
2.214333947450018436e-01,1.000000000000000000e+00,2.000000000000000000e+00
-9.047165971335008328e-02,1.000000000000000000e+00,2.000000000000000000e+00
-1.382741722111590743e+00,5.000000000000000000e+00,4.000000000000000000e+00
-8.063543642579401594e-02,5.000000000000000000e+00,2.000000000000000000e+00
5.798804586959434015e-01,5.000000000000000000e+00,4.000000000000000000e+00
-7.043014860417009526e-01,1.000000000000000000e+00,4.000000000000000000e+00
-2.903541381465506444e-01,1.000000000000000000e+00,2.000000000000000000e+00
-3.172779533150787978e-01,5.000000000000000000e+00,2.000000000000000000e+00
4.437497154544940425e-01,5.000000000000000000e+00,4.000000000000000000e+00
1.329294039716529596e+00,5.000000000000000000e+00,2.000000000000000000e+00
-2.025333725218920744e+00,1.000000000000000000e+00,2.000000000000000000e+00
1.115029932605672958e+00,5.000000000000000000e+00,4.000000000000000000e+00
1.851111809981177692e-02,5.000000000000000000e+00,4.000000000000000000e+00
3.350423968369899974e-01,5.000000000000000000e+00,2.000000000000000000e+00
5.347804538611589109e-01,5.000000000000000000e+00,2.000000000000000000e+00
1.119991083143045296e+00,1.000000000000000000e+00,4.000000000000000000e+00
1.706538096928748305e-01,1.000000000000000000e+00,2.000000000000000000e+00
-8.917574648972116658e-02,1.000000000000000000e+00,4.000000000000000000e+00
-1.861587812788970120e-01,5.000000000000000000e+00,4.000000000000000000e+00
7.269641720446754496e-01,5.000000000000000000e+00,4.000000000000000000e+00
-3.303277837656923843e-01,1.000000000000000000e+00,2.000000000000000000e+00
1.014030972767225869e+00,1.000000000000000000e+00,4.000000000000000000e+00
9.058890156055657283e-02,5.000000000000000000e+00,4.000000000000000000e+00
9.547521333630889506e-01,5.000000000000000000e+00,2.000000000000000000e+00
-1.923415456367523479e-01,1.000000000000000000e+00,4.000000000000000000e+00
-2.621195107332293661e-01,5.000000000000000000e+00,4.000000000000000000e+00
-1.943108470733102111e+00,5.000000000000000000e+00,2.000000000000000000e+00
8.548090323221125830e-01,1.000000000000000000e+00,2.000000000000000000e+00
-2.961991553267878663e-01,5.000000000000000000e+00,2.000000000000000000e+00
1.144116906912806819e-01,1.000000000000000000e+00,4.000000000000000000e+00
-7.916949788974778635e-01,5.000000000000000000e+00,4.000000000000000000e+00
2.969914255222801391e-01,1.000000000000000000e+00,2.000000000000000000e+00
-5.761726372285543851e-01,5.000000000000000000e+00,4.000000000000000000e+00
-1.220206304682667442e+00,1.000000000000000000e+00,4.000000000000000000e+00
-4.352006496978690075e-02,1.000000000000000000e+00,2.000000000000000000e+00
1.144062017291290478e-02,5.000000000000000000e+00,2.000000000000000000e+00
1.048948471294479434e+00,1.000000000000000000e+00,4.000000000000000000e+00
5.025209093083729539e-02,5.000000000000000000e+00,4.000000000000000000e+00
-1.017614744195393994e+00,1.000000000000000000e+00,4.000000000000000000e+00
1.148997497788619482e+00,1.000000000000000000e+00,4.000000000000000000e+00
4.975819453292938954e-01,5.000000000000000000e+00,2.000000000000000000e+00
1.395377834880494383e+00,1.000000000000000000e+00,4.000000000000000000e+00
-1.362104404932992230e+00,5.000000000000000000e+00,2.000000000000000000e+00
-4.937409142760498248e-01,1.000000000000000000e+00,4.000000000000000000e+00
7.742408853021597315e-01,1.000000000000000000e+00,4.000000000000000000e+00
-2.516292102861898416e-01,5.000000000000000000e+00,4.000000000000000000e+00
4.108399533242168000e-01,5.000000000000000000e+00,4.000000000000000000e+00
-3.364763515692350548e-01,1.000000000000000000e+00,2.000000000000000000e+00
-2.976505298651360487e+00,5.000000000000000000e+00,2.000000000000000000e+00
6.210146425888899424e-01,5.000000000000000000e+00,4.000000000000000000e+00
-6.180648807862142435e-01,1.000000000000000000e+00,2.000000000000000000e+00
1.664650923239502811e+00,5.000000000000000000e+00,4.000000000000000000e+00
8.005203832632543093e-02,1.000000000000000000e+00,2.000000000000000000e+00
1.368749423553861089e+00,1.000000000000000000e+00,2.000000000000000000e+00
-1.078705182224213854e-01,1.000000000000000000e+00,2.000000000000000000e+00
1.735553838203746979e+00,1.000000000000000000e+00,4.000000000000000000e+00
2.373247232725970601e+00,5.000000000000000000e+00,4.000000000000000000e+00
-7.840225873709490978e-01,1.000000000000000000e+00,4.000000000000000000e+00
7.137398390838068929e-01,1.000000000000000000e+00,2.000000000000000000e+00
-2.682706207718867919e-01,1.000000000000000000e+00,2.000000000000000000e+00
6.235935355779728129e-01,5.000000000000000000e+00,2.000000000000000000e+00
2.792952598981471302e-01,5.000000000000000000e+00,2.000000000000000000e+00
7.596816617402384342e-01,5.000000000000000000e+00,2.000000000000000000e+00
5.377189933046354620e-01,1.000000000000000000e+00,4.000000000000000000e+00
1.779988173496510062e-01,5.000000000000000000e+00,4.000000000000000000e+00
1.572366287351942282e-01,1.000000000000000000e+00,4.000000000000000000e+00
-6.696610077461373489e-02,1.000000000000000000e+00,2.000000000000000000e+00
-2.950785246781038040e-01,5.000000000000000000e+00,4.000000000000000000e+00
5.621541476536333626e-01,1.000000000000000000e+00,2.000000000000000000e+00
-1.095987887316667991e-01,1.000000000000000000e+00,4.000000000000000000e+00
1.574020951753652142e-01,1.000000000000000000e+00,2.000000000000000000e+00
4.886665739936362218e-01,5.000000000000000000e+00,2.000000000000000000e+00
3.129321724378867908e-01,1.000000000000000000e+00,2.000000000000000000e+00
1.165787463643326305e+00,1.000000000000000000e+00,2.000000000000000000e+00
1.049434664372037584e+00,5.000000000000000000e+00,4.000000000000000000e+00
1.285574547964921932e-01,1.000000000000000000e+00,2.000000000000000000e+00
1.968814935647502373e-01,5.000000000000000000e+00,2.000000000000000000e+00
3.880838591894245071e-01,1.000000000000000000e+00,2.000000000000000000e+00
8.171924726662069816e-01,5.000000000000000000e+00,4.000000000000000000e+00
5.172437470961985806e-01,1.000000000000000000e+00,4.000000000000000000e+00
-1.847252926317643373e+00,5.000000000000000000e+00,4.000000000000000000e+00
1.714653183901719002e-01,5.000000000000000000e+00,2.000000000000000000e+00
5.693289483268095807e-01,5.000000000000000000e+00,2.000000000000000000e+00
-1.181129628430585443e+00,1.000000000000000000e+00,2.000000000000000000e+00
-7.590261016726314036e-01,5.000000000000000000e+00,4.000000000000000000e+00
-1.272456508661052865e+00,1.000000000000000000e+00,4.000000000000000000e+00
1.025899029484786729e+00,1.000000000000000000e+00,2.000000000000000000e+00
-8.323860092627546337e-01,5.000000000000000000e+00,4.000000000000000000e+00
1.489118645613219938e+00,1.000000000000000000e+00,4.000000000000000000e+00
-8.170530967496344443e-01,5.000000000000000000e+00,4.000000000000000000e+00
-9.616998884995153762e-02,1.000000000000000000e+00,4.000000000000000000e+00
1.270579165454210235e+00,5.000000000000000000e+00,4.000000000000000000e+00
-6.691039386097865638e-01,5.000000000000000000e+00,2.000000000000000000e+00
-1.741661114841119629e+00,5.000000000000000000e+00,4.000000000000000000e+00
8.470804116255849225e-02,1.000000000000000000e+00,2.000000000000000000e+00
-2.324493866448523044e-02,5.000000000000000000e+00,2.000000000000000000e+00
1.409539451278790434e+00,1.000000000000000000e+00,2.000000000000000000e+00
5.454382559669080921e-01,5.000000000000000000e+00,4.000000000000000000e+00
-4.768126045350986469e-02,1.000000000000000000e+00,4.000000000000000000e+00
-6.907076223157085915e-01,1.000000000000000000e+00,4.000000000000000000e+00
2.097404500579769793e-01,1.000000000000000000e+00,4.000000000000000000e+00
3.780761624260995379e-01,5.000000000000000000e+00,4.000000000000000000e+00
3.111962696665119821e-01,5.000000000000000000e+00,2.000000000000000000e+00
4.627553778147486252e-01,1.000000000000000000e+00,4.000000000000000000e+00
5.515268390060639181e-01,5.000000000000000000e+00,4.000000000000000000e+00
7.154177078739460960e-01,5.000000000000000000e+00,4.000000000000000000e+00
-3.536414888185110406e-01,1.000000000000000000e+00,4.000000000000000000e+00
-3.789440155967159773e-01,1.000000000000000000e+00,4.000000000000000000e+00
1.058900683766384798e+00,5.000000000000000000e+00,2.000000000000000000e+00
-2.446625184641202377e-01,1.000000000000000000e+00,2.000000000000000000e+00
3.988224380018595694e-01,5.000000000000000000e+00,4.000000000000000000e+00
2.754287434292716080e-02,1.000000000000000000e+00,4.000000000000000000e+00
1.152110147231636406e+00,1.000000000000000000e+00,4.000000000000000000e+00
-1.090074584102992683e-01,1.000000000000000000e+00,2.000000000000000000e+00
1.206531958659871062e+00,1.000000000000000000e+00,2.000000000000000000e+00
-1.989664641922875010e-01,5.000000000000000000e+00,2.000000000000000000e+00
1.900847893683493828e-01,1.000000000000000000e+00,2.000000000000000000e+00
1.661705590875634519e-01,1.000000000000000000e+00,4.000000000000000000e+00
1.360071836581933757e+00,1.000000000000000000e+00,2.000000000000000000e+00
7.245337254604101718e-01,1.000000000000000000e+00,2.000000000000000000e+00
8.519643285342203276e-01,1.000000000000000000e+00,4.000000000000000000e+00
-8.486189553607653702e-01,1.000000000000000000e+00,4.000000000000000000e+00
6.907464621630121648e-01,1.000000000000000000e+00,2.000000000000000000e+00
3.851693925270197050e-03,1.000000000000000000e+00,4.000000000000000000e+00
1.555825060943717142e-01,5.000000000000000000e+00,2.000000000000000000e+00
-1.152162680947935280e+00,1.000000000000000000e+00,4.000000000000000000e+00
2.530594220734495581e-01,1.000000000000000000e+00,2.000000000000000000e+00
-2.168754922053560963e-01,1.000000000000000000e+00,4.000000000000000000e+00
3.243020120704055986e-01,1.000000000000000000e+00,2.000000000000000000e+00
2.210376149557454206e-01,1.000000000000000000e+00,4.000000000000000000e+00
7.129962120202144593e-01,5.000000000000000000e+00,2.000000000000000000e+00
-7.488422109624504053e-01,1.000000000000000000e+00,2.000000000000000000e+00
9.073564389850113932e-01,1.000000000000000000e+00,2.000000000000000000e+00
-1.625585456254006328e-02,1.000000000000000000e+00,4.000000000000000000e+00
9.305320220625249439e-01,5.000000000000000000e+00,2.000000000000000000e+00
-1.659340960921437569e+00,5.000000000000000000e+00,4.000000000000000000e+00
-6.125990064996635898e-01,5.000000000000000000e+00,2.000000000000000000e+00
1.200153096779793982e+00,5.000000000000000000e+00,2.000000000000000000e+00
1.276799993993173121e+00,5.000000000000000000e+00,2.000000000000000000e+00
6.722510498227783904e-01,1.000000000000000000e+00,2.000000000000000000e+00
8.106458779928663594e-01,5.000000000000000000e+00,2.000000000000000000e+00
1.223918097469468114e+00,1.000000000000000000e+00,2.000000000000000000e+00
-6.694284047774339275e-01,1.000000000000000000e+00,4.000000000000000000e+00
-2.035000336608784099e+00,1.000000000000000000e+00,4.000000000000000000e+00
-2.554046051514634041e-01,1.000000000000000000e+00,2.000000000000000000e+00
-1.441149187283282451e+00,1.000000000000000000e+00,4.000000000000000000e+00
-1.787514576132857691e+00,5.000000000000000000e+00,2.000000000000000000e+00
-1.903863190900143110e+00,5.000000000000000000e+00,2.000000000000000000e+00
3.282143464081511142e-01,5.000000000000000000e+00,4.000000000000000000e+00
-5.979084147101841884e-01,5.000000000000000000e+00,2.000000000000000000e+00
-6.561603544736431814e-01,1.000000000000000000e+00,2.000000000000000000e+00
2.839886005661121926e-01,5.000000000000000000e+00,2.000000000000000000e+00
6.487966398456967987e-01,1.000000000000000000e+00,2.000000000000000000e+00
-5.840243102028308542e-01,5.000000000000000000e+00,2.000000000000000000e+00
1.497214435465269666e+00,1.000000000000000000e+00,2.000000000000000000e+00
5.598714817249157427e-01,5.000000000000000000e+00,4.000000000000000000e+00
5.185682420109257729e-01,1.000000000000000000e+00,2.000000000000000000e+00
1.962526383818150810e+00,1.000000000000000000e+00,4.000000000000000000e+00
3.672537473259616658e-01,5.000000000000000000e+00,4.000000000000000000e+00
-1.980924070958854033e+00,5.000000000000000000e+00,4.000000000000000000e+00
-3.740771017694017875e-01,1.000000000000000000e+00,4.000000000000000000e+00
1.949403482123231557e+00,1.000000000000000000e+00,2.000000000000000000e+00
1.679500879327710250e-01,1.000000000000000000e+00,2.000000000000000000e+00
1.004200724380796661e+00,5.000000000000000000e+00,2.000000000000000000e+00
-4.557907770634093275e-02,1.000000000000000000e+00,2.000000000000000000e+00
1.316134246593033720e-02,1.000000000000000000e+00,4.000000000000000000e+00
-3.849171681318014349e-01,5.000000000000000000e+00,2.000000000000000000e+00
-3.507184270882363619e-01,1.000000000000000000e+00,4.000000000000000000e+00
4.436973118136072758e-01,1.000000000000000000e+00,4.000000000000000000e+00
-5.367721362764381610e-01,5.000000000000000000e+00,4.000000000000000000e+00
1.589236481079155383e-01,5.000000000000000000e+00,4.000000000000000000e+00
-1.098646608525058799e+00,1.000000000000000000e+00,2.000000000000000000e+00
1.969368676302273302e+00,5.000000000000000000e+00,4.000000000000000000e+00
-1.672628840473392442e-01,1.000000000000000000e+00,2.000000000000000000e+00
-7.280738105226097767e-01,1.000000000000000000e+00,4.000000000000000000e+00
4.314382380549354468e-02,1.000000000000000000e+00,4.000000000000000000e+00
1.574895463673635865e+00,1.000000000000000000e+00,2.000000000000000000e+00
1.509792111601524045e+00,1.000000000000000000e+00,4.000000000000000000e+00
9.870104805917815360e-01,1.000000000000000000e+00,2.000000000000000000e+00
2.157174733487468465e+00,1.000000000000000000e+00,4.000000000000000000e+00
4.263754875482865699e-03,5.000000000000000000e+00,2.000000000000000000e+00
1.577302433451345909e+00,5.000000000000000000e+00,4.000000000000000000e+00
9.093750862554399184e-02,1.000000000000000000e+00,4.000000000000000000e+00
-1.530784607367880579e+00,1.000000000000000000e+00,4.000000000000000000e+00
8.949691539280735242e-01,5.000000000000000000e+00,4.000000000000000000e+00
1.080281803468307635e-02,1.000000000000000000e+00,2.000000000000000000e+00
-9.326818923189141852e-01,1.000000000000000000e+00,4.000000000000000000e+00
-8.475121742048598028e-01,1.000000000000000000e+00,4.000000000000000000e+00
1.238263734098058899e+00,5.000000000000000000e+00,2.000000000000000000e+00
2.273697824693436675e-02,5.000000000000000000e+00,2.000000000000000000e+00
-9.258680107420050875e-01,5.000000000000000000e+00,2.000000000000000000e+00
-9.982731059777547600e-01,5.000000000000000000e+00,4.000000000000000000e+00
5.864786762801916797e-01,5.000000000000000000e+00,4.000000000000000000e+00
-2.892155641619751361e-01,5.000000000000000000e+00,2.000000000000000000e+00
-2.174943768334212102e+00,1.000000000000000000e+00,2.000000000000000000e+00
-5.414091300238549342e-01,5.000000000000000000e+00,2.000000000000000000e+00
4.226028730494524321e-01,1.000000000000000000e+00,2.000000000000000000e+00
3.136141501197872716e-01,1.000000000000000000e+00,4.000000000000000000e+00
-4.872795890852901768e-01,5.000000000000000000e+00,4.000000000000000000e+00
1.773944484614939698e+00,1.000000000000000000e+00,2.000000000000000000e+00
-8.801948217325826773e-01,5.000000000000000000e+00,4.000000000000000000e+00
3.008133978356977156e-01,1.000000000000000000e+00,4.000000000000000000e+00
-1.009404389934862811e+00,5.000000000000000000e+00,4.000000000000000000e+00
-1.136878150987780778e+00,5.000000000000000000e+00,4.000000000000000000e+00
-1.681271061575553005e-01,1.000000000000000000e+00,4.000000000000000000e+00
5.225261083656389527e-01,5.000000000000000000e+00,4.000000000000000000e+00
1.857516776858580076e+00,1.000000000000000000e+00,4.000000000000000000e+00
-4.198161054536159176e-01,1.000000000000000000e+00,2.000000000000000000e+00
1.260088358099534567e+00,5.000000000000000000e+00,2.000000000000000000e+00
